CustomerID,SimilarCustomerID,SimilarityScore
C0001,C0024,0.9999994643475855
C0001,C0189,0.9999994423718479
C0001,C0107,0.9999992926190128
C0002,C0129,0.9999983969470222
C0002,C0019,0.9999975761209747
C0002,C0076,0.999996629000429
C0003,C0179,0.9999986228874719
C0003,C0190,0.9999977662483289
C0003,C0064,0.9999974456387755
C0004,C0045,0.9999997015171183
C0004,C0143,0.9999995899635293
C0004,C0113,0.9999995069383804
C0005,C0132,0.9999941674402361
C0005,C0089,0.9999921638200369
C0005,C0192,0.9999860836753773
C0006,C0152,0.9999998009396031
C0006,C0011,0.9999997105597569
C0006,C0168,0.9999992470797157
C0007,C0085,0.9999995366369867
C0007,C0061,0.99999941142787
C0007,C0192,0.9999966546555946
C0008,C0162,0.9999992798113606
C0008,C0108,0.9999983817395338
C0008,C0105,0.9999983773308166
C0009,C0080,0.9999968857873355
C0009,C0020,0.9999966043420317
C0009,C0015,0.9997210254921185
C0010,C0047,0.9999966555249078
C0010,C0030,0.9999962469240306
C0010,C0027,0.9999951578393672
C0011,C0152,0.9999997672324598
C0011,C0006,0.9999997105597569
C0011,C0183,0.9999993510766927
C0012,C0093,0.9999998887380176
C0012,C0046,0.9999998295753562
C0012,C0039,0.9999996189718725
C0013,C0108,0.9999999159631937
C0013,C0105,0.9999998642126423
C0013,C0018,0.9999996288860185
C0014,C0150,0.9999908690534691
C0014,C0130,0.9999906024793485
C0014,C0078,0.9999869565505896
C0015,C0083,0.9999851527788494
C0015,C0020,0.9997228546273469
C0015,C0080,0.9997223851568788
C0016,C0040,0.9999994197404536
C0016,C0158,0.9999991787469682
C0016,C0092,0.9999987599548237
C0017,C0136,0.9999993640094171
C0017,C0053,0.9999992917201336
C0017,C0102,0.9999990839862861
C0018,C0108,0.9999997348675727
C0018,C0162,0.9999997004550152
C0018,C0105,0.9999996815730606
C0019,C0088,0.9999982884749138
C0019,C0002,0.9999975761209747
C0019,C0116,0.9999974703495701
C0020,C0080,0.9999994333763697
C0020,C0009,0.9999966043420317
C0020,C0015,0.9997228546273469
